{"cameraMode":{"drawMode":0,"name":"Shaded","section":"Shading Mode"},"sceneLighting":true,"audioPlay":false,"sceneViewState":{"m_AlwaysRefresh":false,"showFog":true,"showSkybox":true,"showFlares":true,"showImageEffects":true,"showParticleSystems":true,"showVisualEffectGraphs":true,"m_FxEnabled":true},"in2DMode":false,"pivot":{"x":-12.580489158630371,"y":10.560798645019532,"z":-255.83267211914063},"rotation":{"x":-0.00004105761763639748,"y":0.9997926354408264,"z":-0.02130884863436222,"w":-0.001199527527205646},"size":139.84165954589845,"orthographic":false}