{"cameraMode":{"drawMode":0,"name":"Shaded","section":"Shading Mode"},"sceneLighting":true,"audioPlay":false,"sceneViewState":{"m_AlwaysRefresh":false,"showFog":true,"showSkybox":true,"showFlares":true,"showImageEffects":true,"showParticleSystems":true,"showVisualEffectGraphs":true,"m_FxEnabled":true},"in2DMode":false,"pivot":{"x":-94.52009582519531,"y":94.76934814453125,"z":348.8096008300781},"rotation":{"x":0.11147553473711014,"y":-0.11747543513774872,"z":0.01327201072126627,"w":0.9867095351219177},"size":234.85757446289063,"orthographic":false}